timestamp,x,y,z,rx,ry,rz
0.0,0.056128,0.0,0.21326599999999998,7.618565378011289e-18,1.4835298641951802,1.5237130756022577e-17
0.016683,0.05572115,-0.012589217000000014,0.21043790899999998,0.000818763534259967,1.4828598882472026,0.004087262990411457
0.033367,0.053522196999999994,-0.007740230000000015,0.21627658299999997,0.0025586628316462494,1.4863074970678252,0.0009069354751031709
0.05005,0.05368980599999999,-0.00788767700000001,0.21639789299999998,0.003200237577046136,1.4864087449187322,-4.3584633275667516e-05
0.066733,0.053839823999999994,-0.008141265000000009,0.21659882799999997,0.003812324506162783,1.4862438861604272,-0.0009879088286607865
0.083417,0.053975184999999995,-0.008362159000000008,0.217001952,0.004446364031811518,1.4861796833247287,-0.0017511962812358226
0.1001,0.053966317,-0.008424104000000016,0.217472695,0.004839815440803638,1.4861564901218292,-0.0026910553714683803
0.116783,0.053864534,-0.008539424000000018,0.21781484399999998,0.005109936698280394,1.4860532098376034,-0.0036512944690079326
0.133467,0.053908197,-0.008656934000000005,0.217985414,0.005157215043071137,1.486115032420633,-0.004747018778807824
0.15015,0.054413253999999994,-0.00928419900000002,0.21622071099999998,0.004188677503666027,1.4845273937322445,-0.00600976581736504
0.166833,0.0543511,-0.009403989000000001,0.21624722,0.00399632452928195,1.4842756361980758,-0.007164685103192011
0.183517,0.054556036999999995,-0.009363696000000005,0.216275171,0.004066750484545857,1.4843193403249144,-0.008513410571103578
0.2002,0.054912084,-0.00952349600000002,0.21623645399999997,0.0040658491302655265,1.4846649411601351,-0.009736038617832836
0.216883,0.05506986,-0.009500057000000006,0.216382474,0.0037693130814548973,1.4848748782590961,-0.01066550692768689
0.233567,0.056209703,-0.00861403400000002,0.218242955,0.00317743518532404,1.4853340113440803,-0.010690500101103397
0.25025,0.05714493699999999,-0.009262741000000019,0.21707863,0.002254710745211513,1.483767367428199,-0.009992434833004802
0.266933,0.05672985,-0.008906544000000016,0.216884531,0.0008533177824836868,1.4825579959217876,-0.010027458433470051
0.283617,0.055673713,-0.007476270000000007,0.217637219,-0.001099708984943117,1.4818254633348158,-0.010535227661154885
0.3003,0.05548107199999999,-0.006978751000000005,0.217575744,-0.002688780376685143,1.4809920276446462,-0.010988791691923395
0.316983,0.055406928999999994,-0.006728232000000001,0.217478909,-0.0042063654103552525,1.480410699064661,-0.011753759607151993
0.333667,0.055025459,-0.006452963000000006,0.21737877299999997,-0.005334356050859715,1.4800594627043295,-0.012540703516648925
0.35035,0.054905788,-0.006138310000000008,0.217472706,-0.0066683098055048285,1.4802274219245104,-0.0128810711498755
0.367033,0.055122041,-0.005832881000000012,0.217595991,-0.007968026430105251,1.480735940521163,-0.013541084310466146
0.383717,0.055195648,-0.005562261000000013,0.217846457,-0.008973437543229436,1.481376579664892,-0.014241786478781934
0.4004,0.055515815999999996,-0.00559678700000002,0.21790168099999999,-0.009902526485578544,1.4819741063152276,-0.015299500993282054
0.417083,0.056007259999999996,-0.005627632000000021,0.217929714,-0.010527925401267508,1.4820812949678892,-0.01619432180144581
0.433767,0.062339659,-0.012126416000000001,0.218794245,-0.010328582693117944,1.4811188091007361,-0.013156911323968639
0.45045,0.06318101899999999,-0.012126550000000014,0.21853584399999998,-0.01058212633940557,1.4813774792851901,-0.014393075171337154
0.467133,0.063916036,-0.012004018000000005,0.21849907999999998,-0.010235837385338526,1.481817678433288,-0.01587718709170491
0.483817,0.065003506,-0.012133375000000002,0.21837026999999998,-0.009691914301432307,1.4820872076035665,-0.0174085602648086
0.5005,0.066042879,-0.012314722,0.21827407199999999,-0.00918488546685033,1.4819262220405345,-0.019385475732165185
0.517183,0.067002284,-0.012678474000000023,0.21816004499999997,-0.008336654489513949,1.48157450556726,-0.021322285940064196
0.533867,0.067926216,-0.013121561000000004,0.21828003199999998,-0.007388649518292808,1.4811529468507192,-0.02319010212191037
0.55055,0.06921978799999999,-0.013523861999999998,0.21834895799999998,-0.006663557882433438,1.4805437180536987,-0.02520113929174991
0.567233,0.065828701,-0.01346586700000002,0.21859727399999998,-0.005880064360881567,1.480451712956549,-0.027966035266325746
0.583917,0.067118629,-0.01437248300000002,0.21850435499999998,-0.004779092370778664,1.4798280778598576,-0.030373104934673517
0.6006,0.068275238,-0.015570477,0.21842780399999998,-0.0034457417924549437,1.4792648546412226,-0.03270662948783314
0.617283,0.065796542,-0.008948609999999996,0.217888266,-0.004107525950462377,1.4783669142169802,-0.03912427460788101
0.633967,0.067636489,-0.009718909999999997,0.21829767899999997,-0.002549988848370893,1.478001318132774,-0.04139121274590076
0.65065,0.069579498,-0.010505498000000002,0.218686111,-0.001254820579846848,1.4778128010690728,-0.043979515578762715
0.667333,0.07127428699999999,-0.011393369000000014,0.21915813599999998,-0.00021372189224964068,1.478019689142984,-0.046582996103354805
0.684017,0.072825275,-0.012243434999999997,0.21942088399999998,0.0008129959223232547,1.4786490455899763,-0.04963229151808025
0.7007,0.07418370499999999,-0.012982756000000012,0.219498005,0.0016802847543218099,1.4795875593397232,-0.05216053806290622
0.717383,0.076014786,-0.013982475000000022,0.21958506099999997,0.0023156811186057988,1.480512554898694,-0.054170666043546804
0.734067,0.078568044,-0.015151322000000023,0.21991729799999998,0.002593105144368801,1.4818636132702885,-0.05582262957664417
0.75075,0.07729212899999999,-0.016745240000000022,0.22015825699999997,0.003344384536743631,1.484791720610071,-0.058086952693490256
0.767433,0.084062844,-0.017330841000000013,0.220353574,0.0025787752439062352,1.4844522801623476,-0.05861218117169816
0.784117,0.078099265,-0.010676145999999997,0.21739583099999998,0.00021457044363760357,1.486073612881626,-0.06491044823823584
0.8008,0.096957727,-0.022849605000000023,0.21763350499999998,0.0027205670945400257,1.4846251150120737,-0.05910602106645254
0.817483,0.09889498599999999,-0.02272917400000002,0.218462952,0.00039207633422400637,1.487058962970609,-0.0611368690994956
0.834167,0.10097208499999999,-0.022525936999999996,0.21906343099999998,-0.0013991382277402993,1.4896202051202103,-0.06300243611810305
0.85085,0.103502023,-0.022590055999999997,0.21929961499999998,-0.0032858026334155097,1.4925120183643483,-0.06480505779942848
0.867533,0.106164145,-0.022541166,0.219707519,-0.005711719475846898,1.4955803512315728,-0.06635712158362655
0.884217,0.108731131,-0.022304774,0.22011748299999997,-0.008323062948745538,1.499172911390062,-0.06799829446717591
0.9009,0.11136751199999999,-0.02222110400000002,0.22060460099999998,-0.01017526083118244,1.502525548392695,-0.06979311587535873
0.917583,0.11405950299999999,-0.022141904000000018,0.22090676599999998,-0.01171926559080629,1.5055784980382556,-0.07212694059996647
0.934267,0.118968244,-0.023649693,0.217139233,-0.01112563381231191,1.5064684756213753,-0.074061419253374
0.95095,0.11957212099999999,-0.023822531000000008,0.21778699799999998,-0.011375468841398874,1.5093632475666883,-0.07669622100324092
0.967633,0.121768805,-0.02376824600000002,0.21808604499999998,-0.010743763733615366,1.5113552623007596,-0.0793608280226912
0.984317,0.123917024,-0.02414624400000001,0.21840733699999998,-0.009514523841684625,1.5130295123333561,-0.08136340033184603
1.001,0.126153397,-0.024417982000000005,0.21874460999999998,-0.0074821340123427385,1.5143431768123672,-0.08340046169846187
1.017683,0.132544953,-0.024447099,0.21804684,-0.004516641108209871,1.5141185020972066,-0.08561013366003055
1.034367,0.135043065,-0.025053114000000015,0.21805974899999997,-0.0018476239664145014,1.5150129324485568,-0.0875412096863333
1.05105,0.13756645,-0.02594629000000001,0.21769695699999997,0.0009577810572379759,1.5151289284697937,-0.08968152364418762
1.067733,0.146782595,-0.03128504800000001,0.21384342399999998,0.00405870154257879,1.5114572084427729,-0.0889035238531496
1.084417,0.14844110900000002,-0.03235228400000001,0.21406034,0.006256295975753491,1.5122192203037,-0.0913535600255234
1.1011,0.150766554,-0.033102274000000015,0.21418692599999997,0.00827806751491379,1.5127061802143926,-0.09437165408356817
1.117783,0.15326631400000001,-0.03379649000000001,0.21455130699999997,0.010386634078575409,1.5131640117269811,-0.09778811548890674
1.134467,0.157492365,-0.033917100000000006,0.214969523,0.012902480943234717,1.5133473055404825,-0.1016148576623088
1.15115,0.16039345,-0.03468051600000002,0.215202451,0.014802156417464588,1.5136478176952683,-0.10597069981413285
1.167833,0.163378778,-0.035425767999999996,0.215443477,0.016887671845859268,1.5140438020036178,-0.11045399499103643
1.184517,0.16661547399999999,-0.03598859900000001,0.215714891,0.018895072927781056,1.514123340672213,-0.1153461800846905
1.2012,0.17126438300000002,-0.03711868900000001,0.215492625,0.020978799116987756,1.5131376324765866,-0.11962756304455913
1.217883,0.17363892799999997,-0.03764969100000001,0.215320677,0.023471067280639763,1.5133918641567619,-0.12440249465641728
1.234567,0.176874596,-0.03840321300000002,0.21576752899999999,0.02661677575383817,1.514269214118817,-0.1288935354937369
1.25125,0.18044472,-0.04049229700000001,0.21696308599999997,0.030536803028561307,1.515395907651111,-0.1327128482025395
1.267933,0.183642539,-0.041670278000000005,0.21757374,0.03460382560242299,1.5162294520506192,-0.13715165666763957
1.284617,0.186977032,-0.042656288000000014,0.218311299,0.03887750370231082,1.5167015404507367,-0.14252544993188418
1.3013,0.19047273999999997,-0.04394716100000001,0.21933641299999998,0.04288440541770368,1.5169210324722457,-0.14851131945171236
1.317983,0.194182444,-0.045173973000000006,0.22027188599999997,0.046817345712798816,1.5167941585550957,-0.15406995396776657
1.334667,0.19983688300000002,-0.04589310300000002,0.22034623899999997,0.04838848040402067,1.5144790773156838,-0.15875732617041963
1.35135,0.20277288799999998,-0.046616376000000015,0.22164342199999998,0.05171792074699226,1.514294805009041,-0.16284912472476548
1.368033,0.20617199199999997,-0.047426015000000016,0.222783938,0.05472222352512143,1.5138220716885713,-0.16656396061436082
1.384717,0.20978196300000002,-0.048450351,0.22453254299999997,0.057213228416550514,1.513406042829934,-0.17032306028145297
1.4014,0.21271132199999998,-0.04936391100000001,0.22621138,0.05931403227195299,1.513454031002598,-0.1741068762791966
1.418083,0.216552097,-0.050031677,0.22805246399999998,0.06067370992008434,1.5135152431860288,-0.1782349041790661
1.434767,0.22049889299999997,-0.05084897600000002,0.22972660499999997,0.06118878072499956,1.5133218255519323,-0.18273230489543912
1.45145,0.225170421,-0.051673889,0.23249927599999998,0.06155172306831543,1.5120077373686212,-0.18596107663920203
1.468133,0.22886228799999997,-0.05195625200000001,0.23408987899999997,0.06191306418217574,1.5108124513978185,-0.18958163703519998
1.484817,0.23240033100000002,-0.052663476000000015,0.23589724699999998,0.0627237507960943,1.5094310571768792,-0.1926674341429208
1.5015,0.23641012899999997,-0.052983374,0.23790789699999998,0.06434129317508197,1.5076644510160317,-0.19559978628270439
1.518183,0.24038282299999997,-0.05374261800000002,0.23980823299999998,0.06556386341650795,1.5051613636553598,-0.19824169380346476
1.534867,0.244354057,-0.055136621,0.24275351899999997,0.06729692605319444,1.5032134082341368,-0.20041210756045927
1.55155,0.24821898599999997,-0.05600015800000002,0.244419757,0.06909933101647121,1.5011277331824315,-0.20330529926312416
1.568233,0.252512801,-0.057018072,0.24662043099999997,0.07030512379801526,1.5001379054088277,-0.20555535036962405
1.584917,0.256889123,-0.057936818,0.24799966699999998,0.07260745102605459,1.4995699515815628,-0.20792033586698458
1.6016,0.261045295,-0.05833503600000001,0.24906638299999997,0.0750516669430524,1.4999450676624846,-0.21002927208058106
1.618283,0.265762094,-0.05882003900000002,0.250534592,0.0775772069055954,1.500887088335788,-0.212045649278176
1.634967,0.270230669,-0.05945038800000002,0.251655405,0.07982579375614962,1.5022954207031942,-0.21403254071056205
1.65165,0.274972889,-0.059785262000000006,0.252698506,0.0826078505295672,1.504427233748034,-0.21540597326352423
1.668333,0.27950458499999997,-0.06053805400000001,0.253500423,0.08602557549787927,1.5071138703045486,-0.21645940698267363
1.685017,0.283751774,-0.060521722,0.254696732,0.08999533053789972,1.5107171269459407,-0.21770620105902014
1.7017,0.288954946,-0.061007455000000016,0.255277991,0.09426627012831182,1.5147033095378295,-0.21809838872993878
1.718383,0.29427627,-0.06128703100000002,0.255653509,0.09844456290213609,1.519640774289175,-0.21799680844445363
1.735067,0.299298468,-0.061601743000000014,0.25588665899999996,0.10235001454725973,1.5251524370637308,-0.216862893975457
1.75175,0.30409792399999996,-0.061727539,0.25649953999999997,0.10622979778720557,1.531693687615659,-0.21487036858521574
1.768433,0.30880609400000003,-0.061467409,0.257039372,0.11014519676175188,1.5379092143335003,-0.21270259513684042
1.785117,0.311737242,-0.06070362100000001,0.257219684,0.11427526645065356,1.5448764848544518,-0.21060043151228047
1.8018,0.315839919,-0.061505154000000006,0.25767482799999997,0.11713547975267904,1.5511418712978904,-0.20665679483769664
1.818483,0.319538268,-0.06141160500000001,0.25843257199999997,0.12004185953873577,1.558243558625655,-0.20260469399778375
1.835167,0.32325581000000003,-0.06145835000000002,0.25913016299999997,0.12212506150796391,1.5650560416817447,-0.19946664819127713
1.85185,0.327042374,-0.061281309000000006,0.259730287,0.12352838398216688,1.5708309834349934,-0.19686168740715063
1.868533,0.330354723,-0.060883567,0.260403895,0.12409289991192068,1.5757256269446973,-0.19441804285579203
1.885217,0.33338660300000006,-0.06053876900000002,0.261087515,0.12414649661096408,1.5795900172501007,-0.19206047421253136
1.9019,0.33615067900000006,-0.05970762700000001,0.26194679899999995,0.12407405223174199,1.583492886283841,-0.1893855079561363
1.918583,0.338759813,-0.059161589000000014,0.26295918799999995,0.12345800401665813,1.5865040093245006,-0.18704352251856096
1.935267,0.34130740500000006,-0.05891761200000001,0.264066735,0.12279833702454102,1.5884485008093523,-0.18481104863724182
1.95195,0.34392279700000006,-0.058649883000000014,0.26503415999999996,0.12189707125510536,1.5896291859488305,-0.18291381667618867
1.968633,0.34612822800000004,-0.05856494600000001,0.266135005,0.12102089456806034,1.590508923745504,-0.1808774944081592
1.985317,0.348344925,-0.05912867200000002,0.26661912,0.12206539547758144,1.5907880850152445,-0.1790736183071054
2.002,0.35111213,-0.059124976999999995,0.267518655,0.1219666460111636,1.5909424365379568,-0.17687285820480583
2.018683,0.35321635300000004,-0.05938085900000001,0.26898591099999997,0.12217543069172493,1.5933659964172606,-0.17464695634370267
2.035367,0.35552546700000004,-0.05899924100000001,0.269641802,0.12320063758890933,1.5942623738495774,-0.17280290888073097
2.05205,0.35770890400000005,-0.05895598300000002,0.27026834,0.12482467636348721,1.595863358489373,-0.17112533552257425
2.068733,0.359846386,-0.05899019600000002,0.270877015,0.12647501055636934,1.597320160721237,-0.16999537685517468
2.085417,0.36197457000000005,-0.059316963,0.27150096199999996,0.12862619847382226,1.598895533387017,-0.1691689894071995
2.1021,0.364289167,-0.05947180100000002,0.272064692,0.13031981409610838,1.6003060072774096,-0.16862684818882606
2.118783,0.36634600500000003,-0.059760495999999996,0.272641145,0.13211993103084355,1.6015985326855553,-0.16830218216607867
2.135467,0.36789882500000004,-0.05983574700000002,0.27309284699999997,0.13318135620756028,1.6025962850671556,-0.16874443925725988
2.15215,0.369279328,-0.06005242500000002,0.27336036599999997,0.13354014692508362,1.6029969614422208,-0.16926630632946071
2.168833,0.37039515700000003,-0.061326295,0.27383325999999997,0.13390574773329608,1.60364523090083,-0.16973246494401306
2.185517,0.371563497,-0.061767921,0.27389178599999997,0.13302756160031845,1.6036674616566442,-0.16996425271115712
2.2022,0.37228218,-0.06228077400000001,0.27400109,0.1316410859517885,1.6046109530209478,-0.17077727477839433
2.218883,0.37288007400000006,-0.062770352,0.274232345,0.12999469251494167,1.6062581179847628,-0.17226759585751722
2.235567,0.37331578400000004,-0.06321074100000001,0.274381435,0.12738861866826615,1.6078765001335955,-0.17475174280687128
2.25225,0.373577478,-0.06380185500000002,0.274472917,0.12414667574102226,1.6091375273302593,-0.17790262653230463
2.268933,0.373492154,-0.064661414,0.274350057,0.12027262243208178,1.6094520722854437,-0.18142992073319444
2.285617,0.37354639500000003,-0.06554660200000001,0.27412362599999995,0.11631924594143232,1.6089100418286821,-0.1854470160044796
2.3023,0.373530927,-0.06625212800000002,0.273885813,0.11404368299001,1.6078248674185391,-0.18797560399964147
2.318983,0.37353971900000005,-0.06697815700000001,0.27367425,0.11417671349136009,1.6067156223284456,-0.18980090463352156
2.335667,0.37345478200000004,-0.06767962900000002,0.273228994,0.11645036054624479,1.6062785872608047,-0.19239721519430272
2.35235,0.37336010000000003,-0.06847588700000001,0.272586091,0.1192076296831566,1.6056569246332129,-0.19637860909586202
2.369033,0.37294894700000003,-0.06959799,0.271919463,0.12216425988466274,1.604009162732499,-0.20102699316526726
2.385717,0.37248295800000003,-0.07057257,0.27121862599999996,0.12545317023973598,1.6019064726831453,-0.20561528167202403
2.4024,0.37200484000000006,-0.071519837,0.270423928,0.12866866384058503,1.5998447655026657,-0.21011289187059823
2.419083,0.371149722,-0.0760566,0.268790154,0.13221497340568997,1.5985590761487614,-0.21326412403656897
2.435767,0.37046417900000006,-0.077705249,0.268395925,0.13473923504263616,1.5969739663800235,-0.21688264054962667
2.45245,0.37006658600000003,-0.07965523000000002,0.26777091599999997,0.13705280932847952,1.5959679019573827,-0.22073221909734972
2.469133,0.36972201200000004,-0.08149746100000002,0.26714019699999997,0.13877075175092682,1.5947683081922863,-0.22529228335138257
2.485817,0.36916232400000004,-0.083568275,0.265841717,0.1399480887258745,1.5937108062554703,-0.23017583344277875
2.5025,0.36864641600000003,-0.08521015200000001,0.264919906,0.1404996204444784,1.592802715707414,-0.23510857933667678
2.519183,0.36798516200000003,-0.08665423100000001,0.263937441,0.14028697407894866,1.59213635660473,-0.23989017157258177
2.535867,0.36723178900000003,-0.08790789600000001,0.26305071999999996,0.13879459873526995,1.5916028867069574,-0.2446301662531889
2.55255,0.36660230400000005,-0.08925545200000001,0.26218335699999995,0.13675318030051525,1.5912633954239834,-0.2490141607780708
2.569233,0.365071925,-0.08790486300000001,0.26255587999999996,0.13346677931631828,1.5903548880019214,-0.25402209540990783
2.585917,0.36461556200000006,-0.08910907100000001,0.261756691,0.12921373458074392,1.5904758698713235,-0.2573384074510856
2.6026,0.36438370000000003,-0.08997882200000001,0.26124176899999996,0.12533831807542156,1.590189881655778,-0.26017699122231486
2.619283,0.36402696700000003,-0.09095484000000001,0.260793927,0.12141287141603725,1.5900269896583554,-0.26331758376400455
2.635967,0.36348036200000006,-0.09198955500000001,0.260455828,0.11701338971087816,1.5901851472366406,-0.26662299222352326
2.65265,0.36327842200000005,-0.093201086,0.260274976,0.1123640228834036,1.5907790177883419,-0.26964260183845457
2.669333,0.363098326,-0.09435509900000001,0.260051307,0.10744786784857743,1.5912083627986187,-0.27232792306026615
2.686017,0.36291647200000005,-0.09549587200000001,0.25986198899999996,0.1028227076923324,1.5918783152059692,-0.2745220861113817
2.7027,0.36279991600000006,-0.09652627300000001,0.25956895999999996,0.09816849408949438,1.5921376684495798,-0.27662728582197055
2.719383,0.36279580300000003,-0.09754789600000001,0.259430393,0.0943877407235704,1.5923598430399895,-0.2785243787291716
2.736067,0.361890319,-0.09505887400000002,0.260682076,0.08942816646621134,1.5922670660595817,-0.2820441286768339
2.75275,0.36144048300000003,-0.09898819800000001,0.259185316,0.0865869194723519,1.5916667391207502,-0.28330372019319455
2.769433,0.36093899900000004,-0.09627278900000001,0.260567375,0.0834916190554012,1.5924205584936022,-0.2863406200052969
2.786117,0.36072761100000006,-0.09685914200000001,0.26039851799999997,0.08169719897299843,1.5922651470114815,-0.2883715994536145
2.8028,0.360182616,-0.097419635,0.260442211,0.08054350828138311,1.5922774327716862,-0.2902184276602388
2.819483,0.35965767800000004,-0.09790304300000001,0.260291909,0.07988498263697984,1.5918575756781874,-0.29230679677199495
2.836167,0.35892603100000003,-0.09799942400000002,0.26013361599999996,0.07942833401157476,1.5915404962760336,-0.29452947006140107
2.85285,0.35844886600000003,-0.09820714600000001,0.259899384,0.07994191656205483,1.591091273351525,-0.29643447377662696
2.869533,0.35968056600000003,-0.101383545,0.258123697,0.08157826822475198,1.590670843643965,-0.2963147070083991
2.886217,0.35887050900000006,-0.101409518,0.257776566,0.08308158997019645,1.5907160957341873,-0.29751033901653207
2.9029,0.35788536400000004,-0.101320878,0.257237567,0.08403585714511978,1.5904215529487704,-0.29917855831192447
2.919583,0.35678828100000004,-0.10099869200000001,0.256706718,0.08422595817611038,1.589656385468613,-0.3022507006984259
2.936267,0.35558340200000005,-0.10025035600000001,0.255654872,0.08402476523438873,1.5881936282309328,-0.3050019449097231
2.95295,0.35443196000000005,-0.09943144100000001,0.254805332,0.08396987463167845,1.5866133966764915,-0.3073315704520471
2.969633,0.35319140800000004,-0.098118142,0.25389662599999996,0.08420860206854293,1.585441692419528,-0.3093918078733231
2.986317,0.35185852900000003,-0.096412987,0.252803112,0.08460731542223823,1.5845188664374878,-0.3112019749051778
3.003,0.35024303500000004,-0.09420334600000001,0.25173951099999997,0.08522312997788345,1.5845525801428408,-0.31218141035935115
3.019683,0.34897011800000005,-0.09197706000000001,0.250756894,0.08611230850202876,1.5852482280057927,-0.31230336087266564
3.036367,0.347521844,-0.089351468,0.249944538,0.0862928522023042,1.5863481408750824,-0.3112300116646745
3.05305,0.345884654,-0.08572325900000001,0.24968385999999998,0.08658705693310757,1.5862500663630184,-0.3095919917584613
3.069733,0.34501847900000004,-0.082634762,0.249092977,0.08689853512812727,1.587602605740189,-0.30663732301594326
3.086417,0.34417415,-0.07937501400000002,0.248863636,0.08698239647455697,1.5890022039381497,-0.30297304677714165
3.1031,0.34379816300000005,-0.075853482,0.248898028,0.08719110364384908,1.5906336124510256,-0.2983733957241748
3.119783,0.34335023500000006,-0.07231801800000001,0.24893613299999998,0.08752275874281737,1.592036014292892,-0.2924680511344061
3.136467,0.34303632700000003,-0.06879934700000001,0.24936893499999999,0.08860208336515431,1.5933753413805116,-0.2861724007231898
3.15315,0.34259173600000004,-0.064832002,0.250811954,0.0896149783623101,1.595793941192366,-0.27968258408539654
3.169833,0.343070927,-0.06301178100000002,0.250719892,0.09105242379101594,1.5960928769687346,-0.2717758157782664
3.186517,0.34403118800000004,-0.05850677200000001,0.25269855999999996,0.09284706623137864,1.5974678113681648,-0.26499747381542677
3.2032,0.34541246600000003,-0.055660948000000016,0.253675932,0.09506378760734409,1.5982374274930715,-0.25753206383072347
3.219883,0.34665823300000004,-0.05283302100000001,0.254842107,0.0979635489701349,1.600007874431957,-0.24972002369654564
3.236567,0.34786326000000006,-0.051896408000000005,0.25596320699999997,0.10158688371601664,1.602535517120815,-0.24092314570628365
3.25325,0.349609616,-0.049967915,0.25756322099999995,0.1045411126562958,1.604851621643244,-0.23405476172177747
3.269933,0.35149801100000005,-0.046573296000000014,0.259792747,0.1070015930218357,1.6057843624774848,-0.22980486733974415
3.286617,0.352619681,-0.046542839,0.260908676,0.10806364005418062,1.6046511265654075,-0.22530982535635724
3.3033,0.35410225700000003,-0.045575321,0.26250026,0.10803229924161387,1.6019339177687644,-0.2229104099734997
3.319983,0.35568374700000005,-0.04334236700000002,0.264564845,0.10724902434347947,1.5982896576308612,-0.222979243491095
3.336667,0.35713523900000005,-0.04293374700000002,0.266214454,0.10640085262338134,1.5944526458865724,-0.22424379781535395
3.35335,0.35831630500000006,-0.044339925,0.26738452599999996,0.1054812052701738,1.5904391713477337,-0.22584923375916982
3.370033,0.359198901,-0.04425624,0.269962264,0.10538870738487305,1.5888430739874724,-0.22960040631265916
3.386717,0.36042511800000004,-0.04484284000000002,0.271192879,0.10484302929025968,1.585633310275561,-0.23366571628215677
3.4034,0.36153388300000006,-0.04565714300000001,0.27226466499999996,0.10467101157694099,1.582229646917518,-0.23893798714462577
3.420083,0.36269697800000006,-0.046774835000000015,0.273074838,0.1046975293651369,1.5785372790015109,-0.24468614254281373
3.436767,0.36365521200000006,-0.04788160400000002,0.273851888,0.1049164431696151,1.5743270914382106,-0.25146441108111534
3.45345,0.36470073700000005,-0.04923322800000002,0.274552882,0.10555928401027201,1.5706994188582355,-0.2590195091449979
3.470133,0.36575863100000006,-0.050716043000000016,0.274865722,0.10675608110208597,1.5678826069067122,-0.26742992995674825
3.486817,0.36693650800000005,-0.05281570600000002,0.27451608,0.10905371420749821,1.5647140589177129,-0.2765794799686747
3.5035,0.367677662,-0.05434151000000001,0.273737358,0.11117395618496446,1.5623111552923128,-0.28655031683422744
3.520183,0.368148389,-0.056050107000000016,0.272880377,0.11367874451223806,1.5605860616283735,-0.2967151830471857
3.536867,0.36867556300000004,-0.05784982500000002,0.272207838,0.11679391812163509,1.5589381881330961,-0.307463888071006
3.55355,0.369091007,-0.059654609,0.27115056699999995,0.12059163764817132,1.558091080940585,-0.318341582705871
3.570233,0.36948666300000005,-0.06137661700000002,0.270258159,0.12475011828571295,1.5575069482790285,-0.3286648751271643
3.586917,0.369953754,-0.062892735,0.269156326,0.12927335136242774,1.5573744072709275,-0.3384739327682664
3.6036,0.37014910900000003,-0.064235241,0.268230533,0.13382640605041077,1.55770675855827,-0.3474946128834826
3.620283,0.37025237400000005,-0.06574671000000001,0.26697884,0.13842138932567313,1.5579810682392745,-0.35653117804586204
3.636967,0.370111379,-0.06748506500000001,0.265210685,0.14425916027741525,1.5581760182662372,-0.36358971370656545
3.65365,0.36971745200000006,-0.06891103100000001,0.26409436599999997,0.15025266084070746,1.5568887659975816,-0.36796384629512174
3.670333,0.36900967600000006,-0.07011330200000002,0.262742425,0.156293009735017,1.5550351851524897,-0.37190998089457483
3.687017,0.36803257800000005,-0.07136441800000001,0.261269274,0.16137272359166066,1.5528303161973438,-0.37539619786678463
3.7037,0.36695400200000006,-0.072679669,0.25974005499999997,0.1651932929317586,1.5508355082031122,-0.3790756209519892
3.720383,0.36573502700000005,-0.07395146800000002,0.258285636,0.16762998630632384,1.54910276118207,-0.38308181622470494
3.737067,0.36323362900000006,-0.07683990900000001,0.25578593699999996,0.16847980910442123,1.5480762332550817,-0.3872311545262327
3.75375,0.362253311,-0.07812428500000002,0.25492344,0.1675720746950178,1.5473518113740672,-0.3916260585399468
3.770433,0.36143693600000004,-0.07905957100000002,0.25378821799999995,0.16427844055443486,1.5470075784787811,-0.39662990608881593
3.787117,0.36052942600000004,-0.07984112200000001,0.252664679,0.1596882455760743,1.547669327556236,-0.40282989530964747
3.8038,0.35968947700000004,-0.08145988000000001,0.25100327899999997,0.15501111259104508,1.5486982517896704,-0.4088873342823608
3.820483,0.35870850400000004,-0.08289913900000001,0.24993751199999997,0.14914259952211323,1.5507906158884606,-0.41512129900217354
3.837167,0.35780102300000005,-0.08437846600000001,0.24897877499999999,0.14274586699294964,1.5534441299607895,-0.4218040381726699
3.85385,0.35715571300000004,-0.08562046300000001,0.248268151,0.13633124330396396,1.5559683671191793,-0.4281171597292965
3.870533,0.35669976800000003,-0.087103859,0.247553908,0.12946074950842798,1.5582153597299333,-0.43420131104107507
3.887217,0.35633421200000004,-0.088591785,0.24709100099999998,0.12300799198371327,1.5600282574800728,-0.43996186793694125
3.9039,0.356147531,-0.089973934,0.24677292099999998,0.1167076326921004,1.5610151708109294,-0.44539737838943916
3.920583,0.35615578600000003,-0.09150880600000001,0.246555105,0.11084346526862945,1.5617706666330418,-0.45038387721346745
3.937267,0.356812212,-0.09402209500000001,0.24561840199999999,0.10523779651901913,1.563431888145951,-0.4543294738260022
3.95395,0.356629613,-0.09428706800000002,0.24598411899999997,0.09962968207285222,1.5647358002567613,-0.45948344800815444
3.970633,0.35677636,-0.094920002,0.24615231999999998,0.0948731608378708,1.5663273639753272,-0.46403220245492877
3.987317,0.35723767000000006,-0.09593079300000001,0.24627062299999997,0.09047723170517132,1.5683642610193598,-0.46769076222351086
4.004,0.35807258200000003,-0.096922353,0.24640890299999998,0.08656215383175744,1.5702156910953105,-0.4704011590930887
4.020683,0.35912660100000005,-0.09821463400000001,0.24657432199999998,0.08358506942693364,1.571875067827138,-0.4721075676800807
4.037367,0.36136997000000004,-0.10190543600000002,0.24657086299999997,0.08262683045209143,1.5731555221570894,-0.4718780678745382
4.05405,0.362332794,-0.10283386000000001,0.24697510299999997,0.08025108460798985,1.5739732251068501,-0.47342628203272313
4.070733,0.36457887600000005,-0.103690557,0.24723927999999998,0.0768970676265329,1.5742575169170632,-0.4752662304478052
4.087417,0.36587807800000005,-0.10437430500000001,0.24748194699999998,0.0745634322064965,1.5744885285294623,-0.4775897052711093
4.1041,0.36730519200000006,-0.10495188100000001,0.2477585,0.0720750518696446,1.5746500129269372,-0.4808093196819311
4.120783,0.36872232200000005,-0.10583891000000001,0.24800389299999998,0.06916221768037803,1.5752007918692081,-0.48455312258536537
4.137467,0.370615962,-0.10703349100000001,0.24822527699999997,0.06588198461100103,1.577147505541671,-0.4891245978205507
4.15415,0.37240049500000005,-0.108342327,0.248588227,0.06147528504267515,1.579461758535867,-0.49465519483015996
4.170833,0.37426808800000005,-0.10847213100000001,0.25039340499999996,0.0555704107996721,1.5816773616771527,-0.5015250668322824
4.187517,0.37687069500000003,-0.10974819200000001,0.250957106,0.04974888974064304,1.5845757842424473,-0.5090866913258872
4.2042,0.37891432900000005,-0.11027401,0.251265568,0.0439651267175364,1.5863653513860874,-0.516764948831215
4.220883,0.38123134100000006,-0.110776171,0.251581187,0.038034716906605565,1.5888609237733318,-0.5242809223344198
4.237567,0.38361111600000003,-0.11122326600000002,0.25183735399999996,0.03218774342707243,1.592510182553622,-0.5319024581853838
4.25425,0.38627559200000006,-0.11198289000000002,0.2519315,0.026961002239169047,1.5965559336300834,-0.5388394337784442
4.270933,0.38939857800000005,-0.11290665000000001,0.252596868,0.021877332322845593,1.6007040230332732,-0.545321812805906
4.287617,0.39111724800000003,-0.114186272,0.253285447,0.017290141494558372,1.6067409453966022,-0.551784884839088
4.3043,0.39255190200000006,-0.11375692500000001,0.254115952,0.011214838194510227,1.6097167563254309,-0.5590306358034317
4.320983,0.39405781300000003,-0.113541127,0.25473221999999995,0.0039333439255974665,1.609253665811916,-0.565186436429062
4.337667,0.39544937300000005,-0.113536597,0.255700531,-0.0033166393745893068,1.6083890950161286,-0.5709349925583461
4.35435,0.39708114000000005,-0.11388429300000001,0.25657721299999997,-0.009307532554229147,1.6086583526772047,-0.5754385910501968
4.371033,0.39868405700000004,-0.11450781000000002,0.25743838999999996,-0.014403673641423467,1.610395916202883,-0.5796771099380592
4.387717,0.40020674800000006,-0.115176678,0.258491028,-0.019541067752950978,1.6122460978983608,-0.5832941419244321
4.4044,0.402882281,-0.11508646600000001,0.259357892,-0.025603796466646057,1.6127857650534294,-0.5863382862169646
4.421083,0.40471273900000004,-0.11685022700000001,0.258905452,-0.03084264594863428,1.6137479704291613,-0.5887557068441537
4.437767,0.40571910400000005,-0.116676547,0.25950647499999996,-0.035685231485417385,1.613869402681605,-0.5915667051456761
4.45445,0.40656376200000005,-0.11694455200000001,0.26003542199999996,-0.04001385573852329,1.6139122094042906,-0.5943210653554173
4.471133,0.40756515000000004,-0.11735406500000001,0.260587063,-0.043850746902022654,1.6137656015859336,-0.5976104236871717
4.487817,0.408346417,-0.11809966000000001,0.26061935399999997,-0.046961936924280606,1.613064257337205,-0.6009239243807021
4.5045,0.410015526,-0.11804520400000001,0.260781275,-0.050434816043087034,1.6110678866422927,-0.6053024159933412
4.521183,0.41019067500000006,-0.11818344900000001,0.26088794,-0.053698408513476056,1.6087038166616114,-0.6087326612622457
4.537867,0.41067633300000006,-0.11816275100000001,0.26101945699999995,-0.05604206522398582,1.6065570491677876,-0.6117087011848423
4.55455,0.41090387400000006,-0.11813522900000001,0.261295147,-0.05873167479263329,1.6054782296309613,-0.613750041052725
4.571233,0.41159084700000004,-0.11803715000000001,0.261640679,-0.06336769927776394,1.6047627840814118,-0.614533643638701
4.587917,0.41465714900000006,-0.11855122500000001,0.261702361,-0.06942205664651196,1.604975643052275,-0.6151977370115538
4.6046,0.41507861300000004,-0.118135944,0.26181315099999997,-0.07675632723456528,1.6055773132176387,-0.6150737147312889
4.621283,0.41547397100000005,-0.11788490400000001,0.26226583,-0.08539730093430775,1.607783677048667,-0.6144049085337032
4.637967,0.41602015800000003,-0.11783868100000001,0.262777277,-0.09487069312061905,1.610650148652701,-0.6125172507914091
4.65465,0.41591480700000005,-0.11751376100000001,0.262881691,-0.10511662100219597,1.6133904534556558,-0.6081966827285711
4.671333,0.418966624,-0.11647430800000001,0.26349714799999996,-0.12038794360700011,1.616179128636797,-0.6058742672883277
4.688017,0.41908488000000005,-0.115826331,0.26381440899999997,-0.1321543894269407,1.6196130358159608,-0.5979988032446937
4.7047,0.41900500900000004,-0.11538299900000001,0.26382818599999996,-0.14175284519802678,1.6182517404226386,-0.5867985308424432
4.721383,0.41890424800000003,-0.11506752,0.263790382,-0.14742024140028234,1.6178155315254579,-0.5763628579121406
4.738067,0.41957322100000005,-0.11364198500000001,0.26440809099999996,-0.152515996911776,1.6190585209059456,-0.5690703245124971
4.75475,0.420074496,-0.11450563400000001,0.26426529,-0.1553955611957488,1.6194680241009787,-0.5620108154899319
4.771433,0.41984036900000005,-0.11465399700000001,0.264102232,-0.15699139690033675,1.6198571803620212,-0.5559329367320042
4.788117,0.41964319600000005,-0.11476801400000002,0.263846094,-0.15686795898745953,1.621368640351124,-0.5489124551062491
4.8048,0.419577065,-0.11476861000000001,0.263848417,-0.1564480880347532,1.6233279588015055,-0.5415619559210221
4.821483,0.41954040800000003,-0.11477542,0.26362363299999997,-0.15570027022820856,1.6255459915445964,-0.5317112609895852
4.838167,0.419417831,-0.11455978500000001,0.26357166899999995,-0.15370148607955958,1.6286782942671338,-0.5204816059687882
4.85485,0.415532353,-0.11160248500000002,0.265485376,-0.15107489745929906,1.633779468824605,-0.5099402801353335
4.871533,0.41616055700000004,-0.11129370400000001,0.265180776,-0.15061569334684372,1.633929044461999,-0.4973182306973422
4.888217,0.41592944000000004,-0.11122184300000001,0.264996642,-0.15053865421662718,1.633506257624262,-0.48535691245518203
4.9049,0.41533241000000004,-0.11074400000000001,0.265036393,-0.15110592263233016,1.632279600387209,-0.47365948838348826
4.921583,0.41383242900000006,-0.10985850600000001,0.265605306,-0.1528113007430484,1.6303141410370823,-0.46160777165875977
4.938267,0.41160914600000004,-0.10890556900000001,0.266137868,-0.15517759927395233,1.6281588216565606,-0.4495158466632378
4.95495,0.40638879200000005,-0.10498912700000002,0.269007251,-0.15782195473398986,1.6272670341248856,-0.440705862784529
4.971633,0.403433028,-0.10401864400000001,0.270028714,-0.16090761911666826,1.6243795797577503,-0.43374818085953887
4.988317,0.397765103,-0.10063733200000001,0.270720454,-0.16402455375429484,1.6208480570107298,-0.430825850149208
5.005,0.39493263100000003,-0.10049608400000001,0.27105115599999996,-0.16685960433686436,1.6155215095980429,-0.42713380776744
5.021683,0.39111718800000006,-0.09985081900000001,0.27175434099999995,-0.16931434311344662,1.6100090026150857,-0.4242953949637238
5.038367,0.38617128400000006,-0.09969791800000001,0.272636891,-0.17079412946668474,1.6039887914169404,-0.421295510428108
5.05505,0.38107070600000004,-0.09965119500000001,0.27333228499999995,-0.17115065289381348,1.597441526382062,-0.4186496930422348
5.071733,0.374933216,-0.10020397600000001,0.27565987399999997,-0.17053100777644112,1.5922683177942125,-0.417084049129878
5.088417,0.36974466100000003,-0.09946058,0.277299863,-0.1685642760326739,1.5867387175333048,-0.41624641900029324
5.1051,0.36492234800000006,-0.09988138900000001,0.27761520799999995,-0.16509884911796013,1.5811657162597403,-0.4157988737962337
5.121783,0.36031762100000003,-0.10068966500000001,0.277796552,-0.16036364580494067,1.575605692830433,-0.41587308020677216
5.138467,0.355659249,-0.10180759500000001,0.277876022,-0.15559140477147715,1.5700311032926448,-0.4161849503044194
5.15515,0.35071662400000003,-0.10314531700000001,0.278046424,-0.1506362935543943,1.5641081344049703,-0.41629292759640874
5.171833,0.34652766900000004,-0.10694466600000001,0.278375697,-0.14574940807784867,1.559192286026424,-0.4149256135692578
5.188517,0.34193700800000004,-0.10854496100000001,0.278538134,-0.1404808125742217,1.5540766783453834,-0.4147443822159389
5.2052,0.337732199,-0.11059439200000001,0.278671354,-0.13480592378708178,1.5494173055342502,-0.4155846499033489
5.221883,0.33348343100000005,-0.11307270100000001,0.27849713,-0.12907863426219615,1.5451162900316944,-0.41750637681636077
5.238567,0.32985613,-0.11549007200000001,0.277595174,-0.12388583694607345,1.5404395125801398,-0.420477470715563
5.25525,0.32637614300000006,-0.11838264800000001,0.27741758899999996,-0.11819207035285331,1.5362558468173604,-0.42321087707130256
5.271933,0.32338956300000005,-0.12158367800000001,0.277011533,-0.11282728273731388,1.532306497232963,-0.4254848932709691
5.288617,0.320959541,-0.125410311,0.276422519,-0.10711063220303456,1.5287613248945333,-0.4277358693677285
5.3053,0.31843036700000005,-0.128633701,0.27577696399999996,-0.10177809316079471,1.5260641870794287,-0.430190798187923
5.321983,0.31625444,-0.132376157,0.274685307,-0.09659380152985622,1.524242189071232,-0.4328781521459878
5.338667,0.31400832800000006,-0.13636953400000001,0.27378735099999996,-0.09151087849336519,1.522976714248906,-0.43589308387900716
5.35535,0.31228003200000004,-0.140534863,0.272399381,-0.08705488121985146,1.52222261849837,-0.43887402931228325
5.372033,0.31109357200000004,-0.144955389,0.271054071,-0.08310661060763747,1.521429436186492,-0.4424532925739598
5.388717,0.31086874300000006,-0.14810425100000002,0.26818534,-0.07979504839492223,1.519180782054178,-0.44739899050096243
5.4054,0.31076318300000005,-0.152905487,0.266634578,-0.07736973432245052,1.5188463324968995,-0.4518594413272181
5.422083,0.31103504000000004,-0.156994105,0.26507783799999995,-0.07506370787407836,1.5186315386650988,-0.45702430180790277
5.438767,0.310519311,-0.160557367,0.264506295,-0.07368085383198471,1.5202145541912544,-0.4631399125966633
5.45545,0.31080311800000004,-0.16467440500000002,0.26328906399999996,-0.0728157652623126,1.522228257827051,-0.4678192902490209
5.472133,0.31134122900000005,-0.168571256,0.26202164099999997,-0.07313304949063934,1.525019428152175,-0.472122793117807
5.488817,0.31194076200000004,-0.172331635,0.26054100799999996,-0.07374578717292045,1.5285032085714643,-0.47603033197362915
5.5055,0.312565717,-0.175837562,0.25930045199999996,-0.0749090071377739,1.5328389499618753,-0.4797779340885823
5.522183,0.31352290800000004,-0.17945881000000002,0.257654269,-0.07666392346878204,1.536858350537003,-0.48282589578543905
5.538867,0.31462195800000003,-0.18294838500000002,0.25594975799999997,-0.07881954831296957,1.540442928936929,-0.48539711891490656
5.55555,0.31586054300000005,-0.18633439400000001,0.25418285399999996,-0.08098903520105703,1.5436956524537433,-0.4878662949929365
5.572233,0.317311498,-0.189631861,0.25225656599999996,-0.08207411674795469,1.5471828499510587,-0.4902741563238556
5.588917,0.31922960600000005,-0.192790605,0.25042066199999996,-0.0822879161030832,1.550303061061901,-0.49315057083646824
5.6056,0.32363137900000005,-0.197747015,0.24631446599999998,-0.08202335305770261,1.5511825026976087,-0.49552507112124106
5.622283,0.32513860200000005,-0.199334177,0.24555120799999997,-0.08133252830561384,1.5543152420839517,-0.49849019850000814
5.638967,0.32637274600000005,-0.20151807700000002,0.244267825,-0.0798962527365016,1.5569426239865947,-0.5010498053678237
5.65565,0.32750222400000006,-0.20312522900000002,0.24314874099999997,-0.07789020013502236,1.559582504591351,-0.5035870346987477
5.672333,0.32902640400000005,-0.205211308,0.24187573399999998,-0.07538980990444354,1.5619932318470466,-0.5055937979652575
5.689017,0.33058455900000006,-0.207324128,0.24052655699999997,-0.07324538522863863,1.564140042208635,-0.5073318160522493
5.7057,0.33246806600000006,-0.209698389,0.23887869399999997,-0.0711989148777557,1.5659734316089595,-0.5083651265373222
5.722383,0.334049794,-0.21141338,0.237659928,-0.06973798996624582,1.5678269681295194,-0.5091551951072663
5.739067,0.33562457800000006,-0.21296662100000002,0.23664492899999998,-0.06855862865505238,1.5701515989879833,-0.5093036769610395
5.75575,0.33721942000000005,-0.214690442,0.23575851199999998,-0.06758787050455463,1.5736730707323867,-0.5084777506558855
5.772433,0.33854130200000004,-0.21624279500000002,0.23503481999999998,-0.0670307105555488,1.5776595151303532,-0.5073151287987342
5.789117,0.34014964400000003,-0.217319187,0.23438037899999997,-0.06645222666877638,1.5812049001926418,-0.5058679486981051
5.8058,0.34140038800000005,-0.21801858400000002,0.233894799,-0.06646617348084928,1.5845248401869634,-0.5045151162962409
5.822483,0.346353742,-0.220946205,0.230127594,-0.06531207444326484,1.586348562044246,-0.5033562164277711
5.839167,0.34785139800000003,-0.223224066,0.22939233299999998,-0.06508743695719131,1.5893762079367928,-0.5019893067346165
5.85585,0.34852382800000004,-0.223153351,0.22915472699999997,-0.06555798758015274,1.5920044196008272,-0.5015530404501019
5.872533,0.349653038,-0.223414585,0.22875650099999997,-0.06558383021343807,1.5941191613171324,-0.501334342223379
5.889217,0.35051709700000006,-0.223704175,0.228449514,-0.06510158374990534,1.5964050365650606,-0.5007265716874553
5.9059,0.35141468300000006,-0.22408191700000002,0.22809535099999997,-0.06402386411374268,1.5988143937442647,-0.49965084523621256
5.922583,0.35231945200000003,-0.224520469,0.22751144199999998,-0.06239455378117704,1.6014514153946975,-0.4992398809637764
5.939267,0.35323194,-0.224960653,0.226879548,-0.0604819679271446,1.6036523525589035,-0.49873950291216734
5.95595,0.354090485,-0.225085213,0.22643568599999997,-0.05842934056625123,1.6055185289038583,-0.49809405823517366
5.972633,0.35505077500000004,-0.225653556,0.22569584899999998,-0.056241204776515716,1.6071603104573198,-0.4971318675935786
5.989317,0.35587475,-0.22594087200000001,0.22507038699999998,-0.0537136900367163,1.6084710739860513,-0.4964122423315563
6.006,0.35668188600000006,-0.22641123500000002,0.22448390899999998,-0.05120790815211118,1.6100947413485005,-0.496118576073289
6.022683,0.35745397500000003,-0.22667515100000002,0.223472821,-0.04872892488745727,1.6117482676287684,-0.49543510469762314
6.039367,0.359770509,-0.228395662,0.22169252899999997,-0.04594415694710231,1.6125180676044597,-0.4932224760808548
6.05605,0.36086050000000003,-0.22817873800000002,0.22117084799999998,-0.04491838614246203,1.6142166203650428,-0.49053270746142014
6.072733,0.36134109200000003,-0.227982169,0.22067026399999998,-0.044410279661869334,1.6162186847637718,-0.48844945291251957
6.089417,0.36194730100000005,-0.227852585,0.22007677699999997,-0.04430694980101371,1.6184950135844396,-0.48659412162954174
6.1061,0.36268639900000005,-0.22766424000000002,0.21956855799999997,-0.04466745682237301,1.620545838955907,-0.4837514471718671
6.122783,0.36312470100000005,-0.22731610800000002,0.21890006999999997,-0.04581397881671997,1.6230044679623084,-0.48009313181825547
6.139467,0.363786641,-0.227041314,0.21843585399999998,-0.04716436747862596,1.6259947117644038,-0.4769004642831309
6.15615,0.36427331300000004,-0.22645857400000002,0.21812864399999998,-0.04900481649178896,1.6286234016785484,-0.4752509697263857
6.172833,0.36494529500000006,-0.226267932,0.217626516,-0.05021120718115663,1.6316926886739966,-0.47492463413858266
6.189517,0.36523661300000004,-0.225750594,0.217269741,-0.05179918861704304,1.6347152071999123,-0.4752698795207818
6.2062,0.365546468,-0.225585271,0.21704612699999998,-0.053137792512042946,1.6384186292505938,-0.47510579934944075
6.222883,0.365377608,-0.225401138,0.21712748699999998,-0.056225717745775686,1.6334007268984672,-0.47419616352447697
6.239567,0.366872224,-0.22591001800000002,0.216967162,-0.055399993911852685,1.6331485511126702,-0.47370617378872754
6.25625,0.367767814,-0.225924215,0.216271799,-0.055585106936759054,1.632169275042843,-0.47300504916295927
6.272933,0.36713669000000004,-0.22533134800000001,0.21658425099999998,-0.055667807645868844,1.6306792724066326,-0.4720471109820866
6.289617,0.367539677,-0.22564319900000002,0.21628368699999997,-0.05470072056342232,1.6309321104692305,-0.47039532644442766
6.3063,0.36758432100000005,-0.225636618,0.21622609399999998,-0.054277873362242206,1.6309709727390127,-0.46779830253859234
6.322983,0.36746427700000006,-0.225657918,0.216211412,-0.05414628935620529,1.6307673091393893,-0.4649688528746242
6.339667,0.36772317000000004,-0.22565417000000002,0.216284115,-0.054493360361958426,1.631737207891148,-0.4615999356053291
6.35635,0.36799681500000003,-0.22579211600000001,0.216401145,-0.05491589236153567,1.6325736649431057,-0.458417132357702
6.373033,0.368239972,-0.225993991,0.21653282699999998,-0.05476319497672931,1.633507710747346,-0.4550135681516168
6.389717,0.36849341100000005,-0.226222486,0.21661072199999998,-0.05478976451712466,1.6344335385254622,-0.4519576618427175
6.4064,0.36817220100000003,-0.227009537,0.21666512999999998,-0.05427378389263415,1.6359171942262063,-0.44792307613579774
6.423083,0.36845052500000003,-0.22777858,0.216426458,-0.054103529792464085,1.6360271686197376,-0.4432083342962829
6.439767,0.36869520200000006,-0.22786378300000001,0.21645852899999998,-0.053684118869547326,1.6365838216229234,-0.43957609279187926
6.45645,0.36864406200000005,-0.228138114,0.21627175099999998,-0.05320458808245919,1.636657316242027,-0.43664057561754827
6.473133,0.36849192100000006,-0.22848337000000002,0.21600329899999998,-0.053312545762757624,1.6371900906256371,-0.4339819305320893
6.489817,0.368385228,-0.228651304,0.215619032,-0.05465200897224042,1.6378443239086908,-0.431295162225607
6.5065,0.36822244800000004,-0.22869683100000002,0.21540787099999997,-0.057012549940256355,1.6382129868896862,-0.4281473440755455
6.523183,0.36810002,-0.22866566500000002,0.21526502099999997,-0.05987005626732607,1.639382565745668,-0.42553614371306375
6.539867,0.367996219,-0.22877428300000002,0.21477665799999998,-0.06252385147221362,1.6400274652455649,-0.42384815002433945
6.55655,0.36770418600000004,-0.229012577,0.214430824,-0.06465723244524066,1.640659580364155,-0.4225997817074192
6.573233,0.36747029700000006,-0.22921422700000002,0.21409631199999998,-0.06609014340969592,1.6420686710321173,-0.4211605654999597
6.589917,0.36698627800000005,-0.229719788,0.21464414499999998,-0.06760857613358474,1.644126751764526,-0.4189219965854906
6.6066,0.366172078,-0.229682708,0.214712043,-0.06810770616969203,1.6448921750103527,-0.4176054189459375
6.623283,0.36519748300000004,-0.230139485,0.21429569299999998,-0.0681861092679608,1.644915408592305,-0.41698023158064573
6.639967,0.364364746,-0.230503962,0.214166753,-0.06801921701539375,1.6447466948581202,-0.41780644104255704
6.65665,0.362875822,-0.230757341,0.21408040099999998,-0.06645952657689942,1.6439781484663438,-0.4203002744285916
6.673333,0.36123067400000003,-0.231137857,0.21406142399999997,-0.06388018179427045,1.6422279140699385,-0.4231981765057197
6.690017,0.35912695800000005,-0.231373791,0.21409841999999998,-0.0599137804444307,1.6396634647063695,-0.42591263729949885
6.7067,0.35657653500000003,-0.231593199,0.214095298,-0.054557339868378865,1.6368102275492937,-0.4274384872191741
6.723383,0.35331705500000005,-0.232516557,0.21429744399999998,-0.04819206995192039,1.6332224757270708,-0.42740444938507677
6.740067,0.350455049,-0.232850895,0.214094497,-0.0437274731640615,1.627814255083797,-0.42921653028558426
6.75675,0.34688657800000006,-0.23264885000000002,0.21426003799999999,-0.03832742787083415,1.6220441847319362,-0.42917556644933097
6.773433,0.34301129300000005,-0.232327536,0.214541298,-0.03250136467691932,1.6161535474822992,-0.42896345801696184
6.790117,0.33921310600000004,-0.231850777,0.216131896,-0.027113451564566227,1.6112138024061546,-0.4283959159256678
6.8068,0.334078464,-0.231501136,0.21687986699999998,-0.022456630935817394,1.6060095571954511,-0.42703661400715964
6.823483,0.329419795,-0.230789678,0.217469223,-0.017778830399042062,1.6013064285015386,-0.4251358730399154
6.840167,0.32479873600000003,-0.22983166200000002,0.218174927,-0.014312562916564622,1.5976716366807868,-0.4237735971182961
6.85685,0.32007092500000006,-0.228916697,0.21880384199999997,-0.012152315679931944,1.5952597410755385,-0.42170531454159116
6.873533,0.315202299,-0.22804216,0.21978232299999997,-0.010840998642822968,1.5941892223294045,-0.41860587298480245
6.890217,0.31002006200000004,-0.227070565,0.22081933599999998,-0.010918280950083046,1.5936964009651213,-0.4147245130194263
6.9069,0.304543528,-0.224944728,0.22231236499999998,-0.012072260644840273,1.593797378313296,-0.4105108147541316
6.923583,0.29899230899999996,-0.22345509300000002,0.22327348199999997,-0.014381063342659615,1.594190694301308,-0.40482076275119616
6.940267,0.29413622899999997,-0.221839485,0.22375659699999997,-0.01747732432464123,1.5958621571018508,-0.3984665187058991
6.95695,0.287655118,-0.220076243,0.22576012899999998,-0.021677061454733373,1.5994270902062993,-0.39157525011287414
6.973633,0.281642559,-0.217786574,0.22712086299999998,-0.025629238963803317,1.6028384257951598,-0.38441669146727697
6.990317,0.275914121,-0.215577782,0.228329595,-0.030158224305744784,1.6062255412492759,-0.376423473448951
7.007,0.269725624,-0.21322191100000001,0.22919119699999999,-0.035594589230444125,1.6095765203870933,-0.36779707729343053
7.023683,0.263546559,-0.210754089,0.23036495599999998,-0.041533470956053066,1.6129491971571337,-0.35817180547470906
7.040367,0.257234621,-0.208268429,0.23139734799999997,-0.048104544174064796,1.6160842959241122,-0.3485346943698285
7.05705,0.251292261,-0.205754674,0.23263053599999997,-0.05389122350790136,1.6191237716405615,-0.33924548508430363
7.073733,0.245223242,-0.203117255,0.233730208,-0.059760468546207965,1.6213370189618481,-0.33119481738626805
7.090417,0.239194992,-0.20068164,0.234797247,-0.06512338596058125,1.6235071355810562,-0.32376823565104235
7.1071,0.23334597299999998,-0.19817811300000002,0.23562576999999998,-0.06995071694125668,1.6255128840644215,-0.3162593464530121
7.123783,0.22759951899999997,-0.195649192,0.23659198199999998,-0.07415624933451474,1.6272590742198694,-0.30911722578729117
7.140467,0.22167380399999997,-0.19331364,0.237453753,-0.07773399047925823,1.6285009779387953,-0.3022077227925058
7.15715,0.21611029199999998,-0.191039764,0.238284848,-0.07989627925184757,1.6293410836386917,-0.2959569518147852
7.173833,0.21039983899999998,-0.18870912,0.239228165,-0.08076929915984446,1.6298535985586224,-0.29013068081087734
7.190517,0.20526184399999997,-0.18748873500000002,0.23896454399999997,-0.08037656681581866,1.6292942384183284,-0.28312379613226174
7.2072,0.19935716999999997,-0.185223902,0.24020674099999997,-0.0794105965420096,1.628804712629623,-0.2768820741038215
7.223883,0.19363588399999998,-0.183509991,0.24159196,-0.07752126623904218,1.6279711709647577,-0.2699639472663304
7.240567,0.188873652,-0.182195075,0.24111760299999999,-0.07453523485656266,1.6269478637261066,-0.26317424629328784
7.25725,0.18320860299999997,-0.18013045800000002,0.24216597599999998,-0.07170880254349485,1.6250183748865534,-0.2565689569476912
7.273933,0.17781950800000002,-0.17802050000000003,0.24298226899999997,-0.06871566795936124,1.622282831107001,-0.2501872803657001
7.290617,0.17257170700000002,-0.175825335,0.24402920299999997,-0.06539306275864125,1.6190970049255393,-0.2439135816868104
7.3073,0.166995074,-0.173458036,0.244873132,-0.062252554561127604,1.615798307797177,-0.23754165843756572
7.323983,0.161657329,-0.170977447,0.24559015199999998,-0.05940447915731245,1.6122086889460643,-0.23082592797119492
7.340667,0.156290594,-0.16822631700000001,0.246342874,-0.056104241681594814,1.6086916794226904,-0.22347495434360543
7.35735,0.15138238199999998,-0.16575409900000002,0.24723232599999997,-0.052868407528919616,1.6054683730214072,-0.21502733364483625
7.374033,0.146187137,-0.163635303,0.24820095199999997,-0.04982519363252332,1.6026773714180678,-0.2064411566607186
7.390717,0.141722719,-0.16161735400000002,0.24907035,-0.046747236524601436,1.5994423153835027,-0.19715996317490428
7.4074,0.137154478,-0.159981497,0.249597668,-0.043700868203710476,1.5965446052808148,-0.1880023961780205
7.424083,0.132396634,-0.15777654200000002,0.250435678,-0.040601441072632485,1.5941569022800386,-0.18051527725245387
7.440767,0.12757934199999998,-0.155997508,0.25096958799999997,-0.037990741529968924,1.5916587405585803,-0.17387442870154926
7.45745,0.12400581999999999,-0.154553093,0.25044385599999996,-0.035424679845249746,1.5872587783122947,-0.16761595886624103
7.474133,0.11856252199999999,-0.152725142,0.250607392,-0.03390741299171573,1.5843235591666245,-0.16239409912135794
7.490817,0.11399949599999999,-0.150644664,0.251260103,-0.03269624503414007,1.5812220674006172,-0.1579115520943055
7.5075,0.10978590199999999,-0.14873987500000002,0.251617897,-0.031089020930045428,1.5782233985094014,-0.15280146323089616
7.524183,0.10594895,-0.14728476100000001,0.25223161899999996,-0.02903065036253739,1.5746509553624477,-0.14803762795334036
7.540867,0.10223811,-0.146054007,0.252468046,-0.02704804215855063,1.5705229599810384,-0.14343113844358046
7.55755,0.098365857,-0.14474313700000002,0.252462203,-0.02537804837623209,1.565541134005594,-0.13915291230096488
7.574233,0.094533115,-0.14373703300000001,0.252831751,-0.024681878289070504,1.5604814163783824,-0.13545631019226384
7.590917,0.090712006,-0.142653875,0.253182664,-0.024353652191726433,1.5555407803118602,-0.13246469437676456
7.6076,0.08721342199999998,-0.14178279100000002,0.253619998,-0.024005547563578384,1.5510641465634059,-0.130105408958775
7.624283,0.083765335,-0.14092245,0.25429590599999996,-0.023526827586125676,1.5469104103007314,-0.12840593501138464
7.640967,0.08071150499999999,-0.140361719,0.254730083,-0.023186211234558628,1.5430030682883433,-0.12758290405783262
7.65765,0.07782556399999999,-0.139635764,0.255205419,-0.02324546078556136,1.5395480169096982,-0.12720793810687558
7.674333,0.07479290599999999,-0.13931573200000003,0.256022466,-0.023804554164234517,1.535697770437334,-0.12698090943484444
7.691017,0.07197521900000001,-0.139071703,0.256525356,-0.025202406582862234,1.5324660982468847,-0.12727498049180935
7.7077,0.070326868,-0.13730228,0.255803197,-0.025485112442770363,1.52952792710609,-0.12885013029540526
7.724383,0.068400643,-0.13709192,0.255966445,-0.027037601939959167,1.5275150398309627,-0.12876149817866595
7.741067,0.06829984,-0.137057491,0.255328677,-0.028112402171335787,1.5254680781371575,-0.12875769048363334
7.75775,0.06751535,-0.13685455200000002,0.25515949299999996,-0.029475682601809692,1.5241438201309903,-0.12932805649594048
7.774433,0.06617034299999999,-0.136423111,0.255213769,-0.031049050540416734,1.5230272320133997,-0.1305476458796735
7.791117,0.06492587699999999,-0.136007659,0.255367621,-0.03243857996042945,1.5221985663870563,-0.1323485431110643
7.8078,0.06330791799999999,-0.135615006,0.255356459,-0.03391211814806454,1.5212903315039754,-0.13443354356667225
7.824483,0.061610227999999996,-0.13514138,0.25549539,-0.035255179798889515,1.5204124755064425,-0.13622436488727582
